{"accept_rate": 0.275, "reject_rate": 0.04, "uncertain_rate": 0.685, "stage2_rate": 0.175, "stage2_ran_rate": 0.175, "stage2_route_rate": 0.685, "capped_count": 81, "capped_rate": 0.405, "fp_accept_rate": 0.005, "fn_reject_rate": 0.005, "ok_rate_stage1": 0.99, "final_accept_rate": 0.32, "final_reject_rate": 0.095, "final_uncertain_rate": 0.585, "final_ok_rate": 0.9149999999999999, "abstain_rate": 0.585, "mean_ms": 334.38092766005866, "p95_ms": 2051.6944369490375, "rerank_ms_gt0": 35, "nli_ms_gt0": 35, "seed": 12, "budget": 0.28}